Frame,mixamorig:LeftHand,mixamorig:RightHand,mixamorig:Head
21,0.1172627,0.1531182,0.08736915
22,0.1048962,0.1901589,0.09270468
23,0.0949785,0.1985031,0.09659746
24,0.1005425,0.2073775,0.09765425
25,0.1182683,0.19726,0.09831837
26,0.1440864,0.1706141,0.09320927
27,0.1705662,0.1377741,0.0943679
28,0.2082966,0.1461819,0.1034332
29,0.2111862,0.2097504,0.1107298
30,0.1967557,0.292974,0.1132418
31,0.1920006,0.321174,0.1087668
32,0.1899063,0.2968179,0.112511
33,0.1997587,0.2675155,0.1171364
34,0.1920383,0.2443037,0.1212528
35,0.201965,0.2020191,0.1248027
36,0.2194778,0.1581603,0.1318903
37,0.2102266,0.125289,0.1357467
38,0.1867287,0.1433674,0.1377115
39,0.2204441,0.1564139,0.1335941
40,0.2369051,0.1663222,0.1339491
41,0.2366404,0.2037634,0.129909
42,0.2313681,0.2216875,0.1290964
43,0.191464,0.1953726,0.1300018
44,0.1747095,0.1640042,0.1333477
45,0.2122975,0.1551526,0.1298768
46,0.2509719,0.1463044,0.1264163
47,0.2738872,0.1249547,0.1197633
48,0.2706546,0.103299,0.1179577
49,0.2498445,0.1247481,0.121949
50,0.2272227,0.1566841,0.1286867
51,0.2196979,0.2068742,0.132085
52,0.2110665,0.2563725,0.1331446
53,0.2023029,0.2588057,0.1354722
54,0.2032268,0.2377477,0.137615
55,0.192833,0.2216507,0.140342
56,0.1773549,0.2137965,0.1426347
57,0.1542816,0.2008481,0.1455972
58,0.1439152,0.1814219,0.1467126
59,0.1499192,0.1640753,0.1405309
60,0.1835655,0.1517386,0.1341929
61,0.2254251,0.1804461,0.1340732
62,0.2740279,0.1881734,0.1350087
63,0.2945353,0.156719,0.1292168
64,0.2823892,0.1060119,0.1282183
65,0.2831002,0.09584471,0.1296954
66,0.2845957,0.1132276,0.1412737
67,0.2805625,0.1133935,0.1499088
68,0.2758459,0.1118488,0.157946
69,0.2917382,0.09720564,0.1661853
70,0.3202425,0.08114911,0.1734224
71,0.3274044,0.06325237,0.176039
72,0.3227684,0.06555891,0.1823463
73,0.3016979,0.0595081,0.1920243
74,0.2967634,0.04353794,0.206897
75,0.2902978,0.04466528,0.226102
76,0.2964973,0.06375311,0.2452437
77,0.2732283,0.08189358,0.2600301
78,0.2798038,0.09841608,0.2709653
79,0.2891084,0.07340039,0.2856191
80,0.290476,0.0717721,0.2963783
81,0.276518,0.08814365,0.3040211
82,0.2696488,0.1262957,0.3079529
83,0.2874945,0.1276061,0.3187762
84,0.3038783,0.1250747,0.330504
85,0.2899036,0.1148342,0.340253
86,0.2787273,0.1131021,0.3474866
87,0.2864114,0.1270313,0.3497299
88,0.3318979,0.1574725,0.3446884
89,0.3328423,0.194513,0.338871
90,0.3116941,0.2175671,0.3303287
91,0.3090325,0.2340904,0.3236466
92,0.2997048,0.2421569,0.3200164
93,0.3006292,0.2536085,0.3169811
94,0.2869818,0.2653305,0.3151531
95,0.2749621,0.2685772,0.3118113
96,0.2793318,0.2843721,0.3079911
97,0.2835198,0.315288,0.3011279
98,0.2816659,0.353471,0.2928456
99,0.2502441,0.3777305,0.2951142
100,0.23083,0.3971612,0.2989415
101,0.1883028,0.3723897,0.2933771
102,0.1587148,0.3463354,0.283635
103,0.1622689,0.3475433,0.279219
104,0.1631377,0.3575664,0.2762274
105,0.1246875,0.4013949,0.2822069
106,0.1061703,0.4503919,0.2850729
107,0.1291921,0.4471173,0.2816011
108,0.1388842,0.446615,0.2763856
109,0.1417021,0.4786816,0.2821183
110,0.1427906,0.5084951,0.288402
111,0.1577947,0.5234613,0.2868177
112,0.177206,0.5345925,0.2849181
113,0.2013383,0.5610283,0.2901063
114,0.2240885,0.5968633,0.29078
115,0.2247967,0.5718675,0.2840223
116,0.1875037,0.5051424,0.2778385
117,0.1638904,0.4550774,0.2784245
118,0.1614097,0.4431244,0.2815805
119,0.1625542,0.4291086,0.2862122
120,0.1698256,0.428853,0.2893344
121,0.1914224,0.4169345,0.2882159
122,0.2142004,0.4336962,0.2906699
123,0.2244431,0.4385523,0.2945547
124,0.2378231,0.423502,0.3000463
125,0.2252551,0.4047998,0.3075501
126,0.2048765,0.4092256,0.3139029
127,0.2345254,0.436001,0.3215166
128,0.2587419,0.4582022,0.3322586
129,0.2573089,0.4626669,0.3414051
130,0.24565,0.4808443,0.351653
131,0.2821577,0.521977,0.361927
132,0.3264443,0.5729381,0.3673777
133,0.3642,0.6251298,0.3768501
134,0.3871182,0.6145272,0.3886902
135,0.3830851,0.5810978,0.394704
136,0.343332,0.5350455,0.3981513
137,0.3289592,0.4854049,0.4033891
138,0.328868,0.4605952,0.4056829
139,0.3289959,0.4390958,0.4090146
140,0.3207769,0.4239914,0.4110838
141,0.3207079,0.4205089,0.4138474
142,0.3349628,0.4163718,0.416684
143,0.3484827,0.4151832,0.4232093
144,0.3503373,0.4289185,0.4294629
145,0.3096152,0.42709,0.4382947
146,0.2854436,0.4106146,0.4400901
147,0.3123373,0.3620411,0.4427578
148,0.3501431,0.3389518,0.4463204
149,0.3630594,0.3297299,0.4447534
150,0.3573053,0.3402679,0.4401041
151,0.3326335,0.3453796,0.4392788
152,0.3097219,0.3634112,0.4316546
153,0.3106482,0.3805463,0.4318918
154,0.3183663,0.361981,0.4362072
155,0.3294417,0.3326643,0.4356123
156,0.356639,0.306565,0.432759
157,0.368702,0.2710727,0.4307641
158,0.3705011,0.2568041,0.4283661
159,0.3609625,0.2544855,0.424867
160,0.3505709,0.2652771,0.4237838
161,0.3596444,0.2818069,0.4223861
162,0.3809313,0.2863983,0.4222507
163,0.3942792,0.2601814,0.4258309
164,0.4278517,0.2328096,0.4295603
165,0.4267045,0.2428226,0.4354125
166,0.458269,0.2764722,0.4365431
167,0.4908883,0.2964201,0.4317292
168,0.480674,0.3003709,0.4257964
169,0.5314929,0.2542801,0.4232192
170,0.6120703,0.2319182,0.4215845
171,0.6043632,0.2182921,0.4196568
172,0.6255935,0.2208355,0.4226434
173,0.6355994,0.2388752,0.4251136
174,0.6469437,0.2747395,0.4305181
175,0.6425793,0.3017427,0.4395809
176,0.6359535,0.3095336,0.4488635
177,0.6256413,0.3292862,0.4532822
178,0.600702,0.3625649,0.4541894
179,0.5946997,0.3927833,0.4605504
180,0.6127236,0.4136027,0.4698163
181,0.60995,0.380346,0.4753033
182,0.603669,0.3194215,0.4822826
183,0.5734401,0.2370344,0.4868979
184,0.53614,0.1996527,0.4853259
185,0.5001088,0.210256,0.4868995
186,0.4839448,0.2239734,0.4899183
187,0.4893501,0.2211483,0.4859744
188,0.4863271,0.214136,0.4794535
189,0.490135,0.2256262,0.4780913
190,0.5178484,0.2576467,0.4762053
191,0.5509835,0.2865992,0.4711736
192,0.5550874,0.3155781,0.4652429
193,0.5545472,0.3429863,0.4606954
194,0.5447992,0.3612441,0.4646142
195,0.5045078,0.3522661,0.4639598
196,0.465576,0.3474506,0.4601586
197,0.45847,0.3579474,0.4663719
198,0.446914,0.3870295,0.4738018
199,0.4324779,0.4088351,0.4762277
200,0.4317877,0.4349965,0.478741
201,0.4341631,0.4573561,0.4824418
202,0.4477483,0.4742759,0.4866573
203,0.4585533,0.4891249,0.487479
204,0.465658,0.5079098,0.4877346
205,0.4623866,0.5307198,0.4868575
206,0.456745,0.5541493,0.4853739
207,0.445651,0.5474764,0.4875979
208,0.4275953,0.5262876,0.4917348
209,0.417704,0.5185029,0.5000058
210,0.4181969,0.5092908,0.5107501
211,0.4162491,0.4951539,0.5170573
212,0.4092991,0.4783248,0.5232238
213,0.4092559,0.4636213,0.5290835
214,0.3941933,0.4585497,0.5297862
215,0.3887737,0.45728,0.5360057
216,0.3993191,0.4778235,0.5503815
217,0.4242937,0.5276873,0.5558151
218,0.4649715,0.5937455,0.5584893
219,0.4721667,0.5811741,0.5552173
220,0.4593674,0.5441366,0.5515496
221,0.4075347,0.5247756,0.5567747
222,0.3999024,0.5164939,0.5603936
223,0.4188802,0.544583,0.5628158
224,0.4375517,0.6095238,0.5637754
225,0.3997349,0.6254278,0.5566598
226,0.3743301,0.634133,0.5518868
227,0.3791001,0.6506537,0.5585555
228,0.3721766,0.6853161,0.5673783
229,0.4116736,0.7163042,0.568536
230,0.4439811,0.7237269,0.5712906
231,0.4607325,0.7274645,0.5665462
232,0.4773284,0.7185025,0.5687461
233,0.4882704,0.7101249,0.566938
234,0.5037929,0.7482405,0.5716891
235,0.5169124,0.7346693,0.5786196
236,0.5184401,0.6977224,0.5839089
237,0.5465073,0.6744624,0.5923274
238,0.5881278,0.6788279,0.5980383
239,0.599119,0.6577408,0.6001353
240,0.598641,0.6441899,0.6013466
241,0.5767661,0.6258218,0.6078707
242,0.5428152,0.6006162,0.61586
243,0.5251591,0.5890122,0.619531
244,0.5166076,0.5885221,0.6257531
245,0.4808924,0.5983707,0.6262962
246,0.4678308,0.60243,0.6291744
247,0.4443566,0.593235,0.63017
248,0.4317685,0.5836255,0.6304327
249,0.4367419,0.5553334,0.6358503
250,0.4538789,0.5482824,0.6381522
251,0.4736882,0.5568502,0.641167
252,0.5009977,0.5516071,0.6418408
253,0.5041565,0.5644452,0.6386808
254,0.4866008,0.5808129,0.6368667
255,0.4853887,0.5965203,0.6432953
256,0.4909628,0.6080589,0.6480619
257,0.5192779,0.6231802,0.6513727
258,0.5703982,0.6458945,0.6524402
259,0.5821065,0.6362941,0.6510521
260,0.5740328,0.6121533,0.6483679
261,0.5785589,0.6015359,0.6424189
262,0.591172,0.572951,0.6395563
263,0.5826141,0.5299226,0.6380718
264,0.57713,0.4950384,0.6372083
265,0.5935141,0.4759322,0.6354827
266,0.6201891,0.4584526,0.633496
267,0.6391437,0.4871784,0.6302444
268,0.6612173,0.5488704,0.6330989
269,0.6839405,0.5785312,0.6319856
270,0.736801,0.6024052,0.6323085
271,0.7482918,0.6010861,0.6343172
272,0.7526295,0.6039767,0.6424836
273,0.742153,0.6116644,0.6542812
274,0.7058073,0.6176321,0.667742
275,0.6945136,0.6413611,0.6759343
276,0.711115,0.6544115,0.6828466
277,0.7323233,0.6708866,0.6855636
278,0.7395343,0.6882271,0.6851147
279,0.7399722,0.6698527,0.6899828
280,0.7603858,0.6558768,0.6953559
281,0.7738121,0.6560768,0.7054161
282,0.7724794,0.6602907,0.7150766
283,0.7900196,0.7007905,0.726466
284,0.796316,0.7361258,0.7353348
285,0.7926943,0.7318053,0.7472445
286,0.8260731,0.7032703,0.7615619
287,0.8504003,0.6871434,0.7723353
288,0.8755111,0.6691613,0.7813854
289,0.8831049,0.6777463,0.7920668
290,0.8851594,0.7068741,0.7999184
291,0.8512234,0.7111831,0.8062375
292,0.8004499,0.7148479,0.8192596
293,0.8062878,0.7276638,0.830232
294,0.8289918,0.7363319,0.8388256
295,0.8465688,0.7184843,0.8504167
296,0.8642508,0.6883953,0.8604553
297,0.8788577,0.6635229,0.8740776
298,0.8830933,0.6646237,0.8831006
299,0.8736458,0.6978012,0.8877764
300,0.8647634,0.7474737,0.8874386
301,0.8492059,0.7750462,0.8894721
302,0.8414696,0.7834017,0.8948537
303,0.8532796,0.7909499,0.8973291
304,0.8665189,0.7869402,0.8978721
305,0.8540243,0.7996728,0.8964282
306,0.8268533,0.8082645,0.8947693
307,0.8259029,0.8301763,0.8938426
308,0.8155521,0.8604856,0.8931391
309,0.818256,0.8722384,0.8910292
310,0.8061647,0.868522,0.891049
311,0.7930474,0.8717674,0.88529
312,0.04234151,0.1513716,0.1088101
313,0.02934274,0.121526,0.1028903
314,0.01528169,0.1212834,0.1019059
315,0.0881942,0.09975203,0.09596325
316,0.1810578,0.09280351,0.09657177
317,0.1554343,0.1118329,0.09974492
318,0.1394042,0.141386,0.1003822
319,0.09998728,0.1689956,0.099908
320,0.08359735,0.1990542,0.09940288
321,0.1154508,0.2184981,0.1013258
322,0.1456887,0.2250581,0.1060366
323,0.1785038,0.2524196,0.1106452
324,0.2372563,0.2845581,0.1093961
325,0.275575,0.2745662,0.1057943
326,0.2800291,0.2651871,0.1037663
327,0.287918,0.2454784,0.101497
328,0.2990969,0.221051,0.1006357
329,0.315661,0.221253,0.1087074
330,0.3249742,0.2156737,0.1159921
331,0.3360341,0.2214527,0.1211166
332,0.3401671,0.2235744,0.1269259
333,0.3211679,0.2209143,0.124989
334,0.2943748,0.2180322,0.1265535
335,0.2850876,0.2302004,0.1288462
336,0.2775305,0.2368777,0.1304831
337,0.2596425,0.189325,0.1310502
338,0.2430858,0.1880302,0.1324892
339,0.2318115,0.2043204,0.1353021
340,0.2160577,0.1973349,0.1402808
341,0.207332,0.204901,0.1403244
342,0.2035188,0.2081344,0.1370828
343,0.2061516,0.1824401,0.1372483
344,0.2098197,0.1579314,0.1336735
345,0.205726,0.1321783,0.1301194
346,0.2034088,0.1512505,0.1279936
347,0.2175725,0.1826528,0.1295511
348,0.2180854,0.1974952,0.1305195
349,0.2218751,0.1789508,0.1327825
350,0.2318875,0.1418384,0.1339267
351,0.2316858,0.06909869,0.1278386
352,0.2320585,0.04451749,0.1262614
353,0.2249578,0.09301738,0.1318729
354,0.2241897,0.1115737,0.1353345
355,0.2568637,0.1203431,0.1356064
356,0.2594536,0.1316446,0.1374678
357,0.2564293,0.1387289,0.1359698
358,0.2462888,0.1447435,0.1337335
359,0.2048666,0.14561,0.1396342
360,0.160233,0.1393291,0.1459668
361,0.1332443,0.1464904,0.1477686
362,0.1328953,0.1603306,0.1477505
363,0.1390414,0.1724935,0.1452037
364,0.1514066,0.1874418,0.142405
365,0.163741,0.1948967,0.1434367
366,0.1972902,0.1847339,0.1420071
367,0.2384096,0.1616327,0.1392425
368,0.2673784,0.1443699,0.1365597
369,0.2545313,0.1414676,0.1251829
370,0.2035958,0.1632565,0.1167121
371,0.1702891,0.1767478,0.1163388
372,0.1511105,0.1563686,0.1153973
373,0.1599762,0.16886,0.1133109
374,0.2420879,0.19247,0.1134778
375,0.3296618,0.1992212,0.1105854
376,0.3298587,0.1932511,0.1093758
377,0.3373922,0.1673345,0.1116384
378,0.320815,0.147941,0.1150122
379,0.3284474,0.1506053,0.1135002
380,0.3462088,0.1353875,0.1031251
381,0.3620429,0.09900636,0.0943566
382,0.316543,0.04105312,0.08446626
383,0.3255102,0.05556084,0.0796745
384,0.3337117,0.05508636,0.08234669
385,0.3154745,0.05550881,0.08376971
386,0.3093058,0.06607095,0.08757917
387,0.3096475,0.08614117,0.08994897
388,0.3153471,0.1042662,0.08734798
389,0.352568,0.1431209,0.08298039
390,0.3616766,0.1975187,0.07758641
391,0.3310556,0.2237125,0.07984661
392,0.315345,0.2218399,0.08418149
393,0.3081179,0.1972825,0.08682507
394,0.3137627,0.1631785,0.08769785
395,0.3100576,0.1493023,0.09216624
396,0.3109573,0.152359,0.09328871
397,0.3193901,0.1543094,0.08839113
398,0.3262358,0.1406561,0.08071009
399,0.3654504,0.1556997,0.08086104
400,0.3903013,0.1848426,0.08773108
401,0.3880492,0.1884746,0.08758505
402,0.3685158,0.1919253,0.08149029
403,0.3503734,0.1738238,0.08216692
404,0.3287347,0.1357442,0.08291163
405,0.3343067,0.1204408,0.08361121
406,0.3460787,0.1261577,0.08845939
407,0.3247918,0.1422031,0.0827773
408,0.3076573,0.1876923,0.08204688
409,0.2995031,0.2169287,0.08426894
410,0.2999142,0.2481945,0.08895127
411,0.3024478,0.2901339,0.09359985
412,0.2966163,0.327838,0.09825826
413,0.2981765,0.351434,0.09863051
414,0.3056398,0.3743932,0.09579481
415,0.2984424,0.3515063,0.09214342
416,0.2744867,0.3141832,0.08665249
417,0.2733913,0.2887749,0.08670538
418,0.2674814,0.2736896,0.09404084
419,0.2635701,0.2249859,0.09819592
420,0.2688562,0.1724606,0.1020424
421,0.2778407,0.1700759,0.09880827
422,0.2868694,0.1907969,0.08996245
423,0.2875678,0.2425182,0.08149297
424,0.272922,0.3048055,0.08507909
425,0.2455159,0.3436163,0.08621404
426,0.2650115,0.3513035,0.08739141
427,0.2722181,0.3373517,0.08512546
428,0.2633442,0.3247369,0.08553254
429,0.2407207,0.3077975,0.08832838
430,0.2109479,0.2952248,0.09169338
431,0.2119727,0.2868088,0.09523858
432,0.2079759,0.2781378,0.09492292
433,0.2577981,0.2825945,0.08851995
434,0.2953568,0.305922,0.08061276
435,0.3069748,0.3000434,0.0778239
436,0.2866103,0.2819861,0.07828704
437,0.2718799,0.2338673,0.07611976
438,0.2676021,0.202048,0.07370341
439,0.2918254,0.1962903,0.07527394
440,0.3041332,0.1987218,0.0777645
441,0.3064822,0.2086655,0.07487211
442,0.3014638,0.2358052,0.06836773
443,0.291997,0.2450035,0.06255247
444,0.2777638,0.2352752,0.05376051
445,0.2644837,0.2081554,0.05202946
446,0.2663682,0.1818806,0.05445243
447,0.2517223,0.1571541,0.06068415
448,0.2155538,0.1656671,0.07024093
449,0.2089149,0.1530041,0.07792574
450,0.2076882,0.1673933,0.08462105
451,0.1713064,0.1841771,0.0928701
452,0.1094488,0.1837509,0.1001981
453,0.1046079,0.1888613,0.1046748
454,0.1429659,0.1847164,0.1147473
455,0.1633223,0.1614016,0.1240062
456,0.1766063,0.1325038,0.1288887
457,0.2096712,0.0919078,0.1302109
458,0.2594109,0.1399474,0.1346819
459,0.2958983,0.1961661,0.1348831
460,0.3170357,0.2282636,0.1333968
461,0.3074448,0.2296862,0.1345321
462,0.2758476,0.2317391,0.1382727
463,0.2682885,0.2365056,0.1397118
464,0.2744475,0.2313223,0.1385626
465,0.2533984,0.2164498,0.1397648
466,0.2137032,0.2155908,0.1393055
467,0.1993262,0.2321604,0.1432617
468,0.2091145,0.2570381,0.1466715
469,0.2328913,0.3003394,0.1474586
470,0.2683443,0.3488326,0.1473822
471,0.2839874,0.364881,0.1480588
472,0.2727261,0.3799652,0.1531224
473,0.2585883,0.3758871,0.1607585
474,0.2457238,0.3550099,0.1744591
475,0.2070321,0.3509881,0.1811822
476,0.1713347,0.3620556,0.1813701
477,0.1864718,0.372575,0.1982621
478,0.2336072,0.3902386,0.2128953
479,0.2708815,0.3971013,0.2196829
480,0.3172839,0.3694911,0.2199984
481,0.3132067,0.3445954,0.2201235
482,0.2806759,0.3276314,0.2220456
483,0.3006972,0.3085809,0.2341843
484,0.3503408,0.2811178,0.2486856
485,0.387625,0.2391438,0.2550203
486,0.4261683,0.2237121,0.2591493
487,0.4319271,0.1900066,0.2658174
488,0.430118,0.1491977,0.2685902
489,0.4180088,0.1204242,0.2663515
490,0.4021486,0.1045411,0.2644267
491,0.3735401,0.08372614,0.2673406
492,0.3440508,0.09729072,0.2649641
493,0.3369606,0.1834105,0.2622415
494,0.3240938,0.263965,0.2592387
495,0.3255965,0.248962,0.2627562
496,0.3150859,0.2543903,0.2582076
497,0.3072703,0.2790392,0.2553946
498,0.3227965,0.3125061,0.2533392
499,0.2867936,0.319909,0.2514926
500,0.2735221,0.3067204,0.2531196
501,0.2653333,0.269557,0.2505078
502,0.2582037,0.2372916,0.2558709
503,0.2267962,0.2444366,0.2607535
504,0.2290029,0.2537255,0.2707548
505,0.2027232,0.2794997,0.280349
506,0.1768222,0.2958477,0.2917717
507,0.1168487,0.3044891,0.3111827
508,0.1022664,0.3060378,0.3304298
509,0.1311671,0.3035241,0.3552044
510,0.1582189,0.3010305,0.3761891
511,0.1930702,0.312541,0.3910572
512,0.223106,0.3463089,0.405892
513,0.2243254,0.355142,0.4079202
514,0.2265429,0.3782095,0.4145734
515,0.2548196,0.381077,0.420524
516,0.2849678,0.3784088,0.4307395
517,0.3227232,0.3967487,0.438234
518,0.3305125,0.4211241,0.444829
519,0.2957443,0.4343157,0.4551794
520,0.2690566,0.4605231,0.4608318
521,0.273561,0.4640844,0.4644097
522,0.2644534,0.474844,0.4654467
523,0.2731605,0.4517145,0.4577941
524,0.2853225,0.4172165,0.456649
525,0.263482,0.4149523,0.4562552
526,0.2484763,0.4466588,0.4601809
527,0.1944623,0.4606493,0.4596743
528,0.1556866,0.4714514,0.455845
529,0.1659218,0.4670496,0.4455238
530,0.1736597,0.4670289,0.4415081
531,0.184093,0.4644158,0.4441735
532,0.1849638,0.4606389,0.448607
533,0.1947797,0.4728577,0.4590986
534,0.2124179,0.4934551,0.4675989
535,0.2435253,0.5217624,0.4670945
536,0.2943909,0.5519888,0.4620703
537,0.308661,0.5430806,0.456212
538,0.2947753,0.5246791,0.4574388
539,0.269296,0.5294627,0.4547676
540,0.2547412,0.5381247,0.458956
541,0.3075145,0.5413162,0.4559445
542,0.3589049,0.5459926,0.4490726
543,0.4023423,0.5297536,0.447716
544,0.4399526,0.5074675,0.4479585
545,0.4413584,0.5050782,0.448188
546,0.431332,0.5185054,0.4478567
547,0.4120555,0.5519703,0.4534206
548,0.4103144,0.6043388,0.4589143
549,0.4166555,0.6316448,0.4590041
550,0.4087832,0.6319794,0.4579682
551,0.4175109,0.6343293,0.4594253
552,0.4291502,0.639346,0.4647287
553,0.4240875,0.6301568,0.4670913
554,0.411489,0.6166677,0.4676839
555,0.4476239,0.597441,0.4716142
556,0.5046769,0.5886428,0.4812697
557,0.5278788,0.5861837,0.4870251
558,0.5170752,0.5709946,0.4908008
559,0.5282907,0.5819652,0.4997953
560,0.5504912,0.5916731,0.5062418
561,0.5634976,0.5719249,0.5105452
562,0.580484,0.5497535,0.5119376
563,0.5890139,0.5615057,0.5183629
564,0.5868061,0.5953995,0.529467
565,0.5752881,0.5971824,0.5325189
566,0.5714653,0.5902627,0.5371987
567,0.5624378,0.5673497,0.5411764
568,0.5497423,0.5355586,0.54846
569,0.5386015,0.5064842,0.5534799
570,0.5317178,0.4968069,0.5508988
571,0.5443008,0.5015395,0.552829
572,0.5639418,0.5093213,0.5579495
573,0.5824669,0.4865367,0.5654601
574,0.6155584,0.4482229,0.5730098
575,0.607365,0.4494117,0.5800053
576,0.5813746,0.4734508,0.5897599
577,0.5584885,0.4994757,0.5943679
578,0.5471832,0.5172206,0.5994364
579,0.5537367,0.4739193,0.6023784
580,0.575771,0.4146468,0.6031154
581,0.5963138,0.4086251,0.6070514
582,0.6076678,0.4186512,0.6157815
583,0.6441854,0.4563858,0.6218956
584,0.7126206,0.5238445,0.6218145
585,0.7052507,0.5849041,0.6261193
586,0.6709029,0.6129996,0.6296908
587,0.6932886,0.5653816,0.6284761
588,0.7363929,0.4883328,0.6251406
589,0.7589931,0.4561414,0.623669
590,0.7596442,0.4374987,0.622241
591,0.7810138,0.4429579,0.6262766
592,0.8194736,0.4674425,0.6341489
593,0.8316259,0.4978718,0.6363641
594,0.8290284,0.5279639,0.6394956
595,0.8287732,0.5629907,0.6360586
596,0.8407175,0.59155,0.6310238
597,0.832817,0.587423,0.6322474
598,0.814199,0.5921974,0.6358586
599,0.8042088,0.6090035,0.6398576
600,0.7846184,0.6016967,0.645988
601,0.7809704,0.6007125,0.6473295
602,0.7767823,0.6128064,0.6449679
603,0.7650573,0.6264638,0.6522729
604,0.7457916,0.6380659,0.6595004
605,0.7144986,0.6488586,0.6677362
606,0.6803604,0.6616776,0.6770419
607,0.6812249,0.6970879,0.6819999
608,0.6800094,0.72086,0.6851591
609,0.642872,0.7117203,0.6873171
610,0.6107562,0.7084776,0.6895011
611,0.6111885,0.7091501,0.6915556
612,0.06879676,0.1335057,0.1094768
613,0.07368839,0.1515893,0.09945079
614,0.1076547,0.1709069,0.08813827
615,0.2066891,0.1204335,0.0771086
616,0.2363095,0.07068333,0.0770079
617,0.2087547,0.08978631,0.08873906
618,0.1941113,0.0823316,0.09642136
619,0.1546799,0.0893359,0.09935539
620,0.1392704,0.1066083,0.1036627
621,0.1294179,0.1574373,0.1005879
622,0.1198966,0.2192812,0.09837385
623,0.1626398,0.2628075,0.09211023
624,0.2254984,0.2885251,0.09091575
625,0.2339633,0.2514136,0.08414552
626,0.2212383,0.2183004,0.07624128
627,0.2371161,0.1954086,0.07447745
628,0.2758771,0.1982471,0.07629172
629,0.3031974,0.2209882,0.07851525
630,0.3173173,0.2673478,0.0861529
631,0.2988785,0.2694813,0.08560751
632,0.2764962,0.2653787,0.08370214
633,0.2738095,0.2608097,0.08431835
634,0.2757543,0.2543877,0.07591973
635,0.29093,0.2343147,0.07651977
636,0.3131393,0.216942,0.08078813
637,0.3361917,0.1988789,0.07464147
638,0.3557915,0.1591507,0.06726395
639,0.3716003,0.1305116,0.06556821
640,0.3780821,0.1150061,0.06339208
641,0.3854467,0.1293413,0.05230086
642,0.3830139,0.14365,0.04821019
643,0.3780083,0.1547207,0.0501444
644,0.3472822,0.1905291,0.06728001
645,0.3460461,0.2315419,0.07882793
646,0.3498709,0.2766274,0.08969489
647,0.352601,0.3059196,0.09829104
648,0.356761,0.316357,0.1077862
649,0.3696562,0.2781741,0.1072379
650,0.3563997,0.2143126,0.1062124
651,0.3482847,0.2119604,0.1044701
652,0.3435566,0.2257855,0.1030917
653,0.3408716,0.2255124,0.1086188
654,0.3438197,0.2048941,0.1181211
655,0.3519568,0.17309,0.1289508
656,0.3647476,0.1341194,0.1398225
657,0.3761657,0.1085746,0.1439175
658,0.3596785,0.1089171,0.1441076
659,0.3408875,0.07777216,0.1438787
660,0.3387135,0.03578215,0.1502836
661,0.3456722,0.05094238,0.162287
662,0.3457226,0.1132142,0.1751257
663,0.3392072,0.1439911,0.1768195
664,0.3279951,0.1655712,0.1735297
665,0.3214976,0.2209287,0.1791483
666,0.3050596,0.2664246,0.186077
667,0.2959215,0.3010507,0.1886169
668,0.2894096,0.3202252,0.1888091
669,0.2855107,0.3585954,0.1905137
670,0.2757133,0.3821338,0.1946951
671,0.263055,0.3978854,0.1936083
672,0.245542,0.4161353,0.1930617
673,0.2686472,0.4420861,0.1952256
674,0.3000419,0.4650007,0.1963814
675,0.2896638,0.4672502,0.1944439
676,0.2847473,0.4672966,0.1929509
677,0.2795485,0.4907337,0.1994088
678,0.2628428,0.5219216,0.206693
679,0.2712792,0.5197304,0.2086988
680,0.2842121,0.4981505,0.2105749
681,0.2884695,0.4498065,0.2110102
682,0.2904459,0.3826115,0.2094473
683,0.2609954,0.3408819,0.2100918
684,0.2190142,0.3263927,0.2147378
685,0.1810885,0.3042763,0.2193907
686,0.1543732,0.2793438,0.2186747
687,0.1683636,0.2638285,0.2212029
688,0.1985641,0.2534495,0.2247444
689,0.2061599,0.2513,0.225741
690,0.1962316,0.2458009,0.2247587
691,0.1966189,0.2328359,0.2289912
692,0.201525,0.2303613,0.2349138
693,0.1831945,0.2245952,0.2411743
694,0.1543272,0.228367,0.2440869
695,0.1334713,0.2460755,0.2414504
696,0.1322919,0.2751184,0.2384206
697,0.1463745,0.285952,0.2357724
698,0.1612071,0.2776954,0.2348388
699,0.1669389,0.2804915,0.2395023
700,0.1709163,0.2921535,0.2464503
701,0.1776636,0.2882104,0.2463817
702,0.1764588,0.2700389,0.2442597
703,0.1644087,0.2587976,0.2465653
704,0.1651538,0.2568094,0.2505924
705,0.1558941,0.2973097,0.2516608
706,0.147055,0.3522068,0.2509907
707,0.1679122,0.3684481,0.2570959
708,0.1857077,0.3544349,0.2636324
709,0.2003558,0.3033328,0.2679878
710,0.2305723,0.2463247,0.2762327
711,0.2191186,0.207811,0.2741881
712,0.1972778,0.1691657,0.2661191
713,0.1863656,0.1528035,0.2641703
714,0.201897,0.1461514,0.2617568
715,0.2319496,0.1384217,0.262019
716,0.2707727,0.1571127,0.2653264
717,0.2941134,0.1776329,0.2666868
718,0.3087777,0.1978252,0.2638828
719,0.3168407,0.2184635,0.2643818
720,0.3190656,0.2449587,0.2673433
721,0.3141282,0.2571212,0.2613953
722,0.3049307,0.2553276,0.2536435
723,0.3384722,0.3041495,0.2542064
724,0.3605978,0.3048897,0.2583688
725,0.3688941,0.2967595,0.258383
726,0.3707979,0.2959146,0.2570309
727,0.3777873,0.2727584,0.26326
728,0.3778403,0.2363403,0.2704205
729,0.3823858,0.2000161,0.2727454
730,0.3905461,0.17399,0.2717269
731,0.4014596,0.1764718,0.266398
732,0.3957681,0.1997729,0.2611572
733,0.3634863,0.2163688,0.2576327
734,0.3417069,0.2039237,0.2480652
735,0.3758489,0.169373,0.241504
736,0.4217699,0.1335939,0.2367466
737,0.4575918,0.1073597,0.2365881
738,0.4448701,0.08001753,0.2286646
739,0.4753465,0.07057682,0.2161328
740,0.4939788,0.09632914,0.2038941
741,0.4848007,0.1125996,0.1912002
742,0.4533551,0.1277627,0.1830242
743,0.4464949,0.1645946,0.1702523
744,0.4501054,0.1974319,0.1587338
745,0.4244894,0.1899345,0.141835
746,0.3905056,0.1700397,0.1335623
747,0.4095732,0.1656557,0.1294692
748,0.4349944,0.1726709,0.1276418
749,0.4524053,0.2197904,0.125092
750,0.4649159,0.2562881,0.1266263
751,0.4415657,0.267193,0.1225634
752,0.3945565,0.2664769,0.1155015
753,0.3675886,0.2205987,0.110984
754,0.3482593,0.1629258,0.1064081
755,0.3753946,0.1375853,0.1043643
756,0.4130106,0.1455101,0.1029231
757,0.4386396,0.1499292,0.1000892
758,0.4364409,0.1766889,0.09915223
759,0.4307516,0.1711254,0.1013654
760,0.4264477,0.1579138,0.1022604
761,0.3804005,0.1617341,0.1035928
762,0.3078542,0.1768484,0.1093076
763,0.2492489,0.198128,0.1175239
764,0.210952,0.2162799,0.1249561
765,0.1882412,0.2169921,0.1276294
766,0.1769797,0.2118719,0.1292455
767,0.1915477,0.2230301,0.1344177
768,0.2012726,0.2344161,0.1423815
769,0.1875434,0.2488824,0.1490091
770,0.1707627,0.27347,0.1486381
771,0.1735015,0.3052611,0.1510848
772,0.1700645,0.3172403,0.1507796
773,0.1670584,0.3136894,0.1479827
774,0.1765437,0.3085468,0.1461509
775,0.1632278,0.2799671,0.1407355
776,0.1549843,0.2389761,0.1375083
777,0.1632287,0.2028807,0.1376751
778,0.1858103,0.1936446,0.1383869
779,0.1973816,0.2089408,0.1399932
780,0.2022389,0.2179807,0.1370929
781,0.1839238,0.2326947,0.1344386
782,0.1525169,0.2461081,0.134901
783,0.1166767,0.2507259,0.1324004
784,0.09832046,0.2431635,0.1281058
785,0.07016201,0.2401893,0.1215303
786,0.06679147,0.2294974,0.1126715
787,0.06014331,0.2583307,0.1117111
788,0.0786908,0.2921945,0.1154564
789,0.09248167,0.2771759,0.1143238
790,0.1022702,0.2570423,0.1074071
791,0.102622,0.2610678,0.1001787
792,0.08967353,0.2950714,0.09512927
793,0.06677341,0.2847239,0.08527254
794,0.06010453,0.2522804,0.07633623
795,0.07131508,0.2204995,0.07127994
796,0.1016272,0.1774581,0.06572039
797,0.1037494,0.1583458,0.06397617
798,0.09157293,0.1560781,0.06273934
799,0.09278784,0.1405966,0.06457818
800,0.1008561,0.1288929,0.07206446
801,0.1098593,0.1392322,0.07726581
802,0.1183963,0.1582658,0.07535481
803,0.1163022,0.1482178,0.07888121
804,0.1089803,0.1139669,0.08301906
805,0.1311036,0.0526037,0.08415454
806,0.1445737,0.02282814,0.08186831
807,0.1320541,0.02993575,0.07476107
808,0.147423,0.04090516,0.06813261
809,0.2116956,0.03466361,0.06484708
810,0.2491706,0.02930331,0.05823276
811,0.2667059,0.05787948,0.05024891
812,0.2678207,0.100637,0.0508634
813,0.2698649,0.09456515,0.04888041
814,0.3124925,0.06949652,0.05526398
815,0.3576541,0.08485097,0.06260017
816,0.3660001,0.1175826,0.06514075
817,0.3682417,0.1440307,0.06520063
818,0.3519247,0.1518395,0.06493794
819,0.3241186,0.1088689,0.06791983
820,0.275489,0.06146249,0.07460624
821,0.2455025,0.07346582,0.08625659
822,0.2307952,0.08512835,0.09525574
823,0.2394191,0.09671957,0.09993666
824,0.2697628,0.1117238,0.1068621
825,0.3057437,0.08659146,0.1094333
826,0.3327465,0.04933713,0.1122273
827,0.3361413,0.09155884,0.1146778
828,0.3213702,0.1777757,0.1138375
829,0.3211964,0.176333,0.1075271
830,0.3317434,0.1669497,0.09949013
831,0.3127093,0.1501801,0.1061547
832,0.2879865,0.1181799,0.1158367
833,0.2840548,0.121946,0.1149051
834,0.2727756,0.1507781,0.1087328
835,0.243202,0.1773917,0.1055547
836,0.2283527,0.2127697,0.1109593
837,0.2282903,0.2425379,0.1171102
838,0.2334223,0.252647,0.1273232
839,0.2425568,0.2382331,0.1354497
840,0.2479668,0.23435,0.1457704
841,0.2499996,0.2354793,0.1613079
842,0.2710758,0.2380213,0.1737314
843,0.2428548,0.2823346,0.1807598
844,0.2056783,0.3392027,0.1948249
845,0.1896823,0.3784986,0.1981989
846,0.1933838,0.3937953,0.1954584
847,0.2235914,0.359571,0.1924089
848,0.2419946,0.3137343,0.1925044
849,0.2617282,0.2911432,0.1881775
850,0.2876459,0.2727185,0.1903036
851,0.2692777,0.2896051,0.1939302
852,0.240352,0.3272476,0.1945528
853,0.2805805,0.3932237,0.1912991
854,0.3107083,0.4840449,0.1908664
855,0.3393252,0.4851391,0.2009509
856,0.3486094,0.4442475,0.2140172
857,0.3872942,0.3967151,0.2167412
858,0.421358,0.3585006,0.2167163
859,0.4195217,0.3170611,0.2147893
860,0.37896,0.2849783,0.211719
861,0.3524041,0.2919934,0.1977286
862,0.3506154,0.3044497,0.193497
863,0.3788225,0.3331276,0.193615
864,0.4050656,0.379087,0.2015525
865,0.4146045,0.4079877,0.2208798
866,0.3961871,0.3929562,0.2378327
867,0.3820358,0.3709633,0.2508455
868,0.3815407,0.3491949,0.2597634
869,0.3690145,0.3049694,0.2616617
870,0.3545794,0.2664929,0.2637848
871,0.3277032,0.2550688,0.2645224
872,0.308409,0.2582834,0.2644363
873,0.3175865,0.2774778,0.2693611
874,0.3313423,0.3040884,0.2746184
875,0.3458133,0.2988687,0.2849466
876,0.3644345,0.291963,0.2947048
877,0.3731299,0.2877648,0.2992204
878,0.3795967,0.2797045,0.3015799
879,0.3911115,0.278528,0.3074338
880,0.4051229,0.2946448,0.3121796
881,0.4136757,0.2506175,0.3136395
882,0.4137055,0.2118032,0.3130196
883,0.4074677,0.2112605,0.3089866
884,0.404763,0.222084,0.3057009
885,0.4191166,0.246303,0.3052831
886,0.4285696,0.2514311,0.3031137
887,0.4089713,0.2301325,0.3040678
888,0.3909781,0.2060409,0.3112636
889,0.4142178,0.1990228,0.3153976
890,0.4548802,0.1961246,0.3192277
891,0.4675707,0.1763126,0.3241004
892,0.4676307,0.1713393,0.3288283
893,0.4409865,0.1375554,0.3321735
894,0.4252948,0.1066618,0.3359023
895,0.4530564,0.0821416,0.344898
896,0.4935141,0.0820135,0.3542775
897,0.5268616,0.07945074,0.3650412
898,0.5469598,0.08078415,0.3740981
899,0.5381777,0.08385393,0.3800889
900,0.5209056,0.09199119,0.3889619
901,0.5124654,0.07261152,0.3949858
902,0.5116556,0.06211975,0.4005301
903,0.4978209,0.05984,0.4029326
904,0.4926935,0.08907893,0.4039481
905,0.4979313,0.1193895,0.3956791
906,0.5113984,0.1138588,0.391699
907,0.488921,0.04070856,0.3899353
908,0.4610133,0.05104016,0.3969425
909,0.4394838,0.114204,0.4038339
910,0.4302115,0.1683597,0.40961
911,0.4259867,0.2272297,0.4136562
912,0.095148,0.1010153,0.111109
913,0.08937741,0.06811428,0.1100437
914,0.1044133,0.01063699,0.1095822
915,0.1308952,0.09717216,0.1071157
916,0.1705678,0.2180007,0.1066886
917,0.2147313,0.2202161,0.1114851
918,0.2447719,0.1917704,0.1206295
919,0.2772615,0.1475243,0.1251702
920,0.2972375,0.1289738,0.1244211
921,0.2815512,0.1144818,0.1340971
922,0.2678474,0.09713581,0.1466728
923,0.2736673,0.0814049,0.1438233
924,0.2763089,0.05927699,0.1385031
925,0.2740377,0.0616827,0.1296927
926,0.2607511,0.08199621,0.1254927
927,0.2471928,0.08277601,0.1233627
928,0.2493002,0.08565795,0.1259589
929,0.2778119,0.05622281,0.1228401
930,0.3076195,0.05376588,0.1188753
931,0.2983475,0.06539606,0.1157371
932,0.2899835,0.08059531,0.1127217
933,0.2763481,0.09932619,0.1164587
934,0.2687407,0.1509406,0.1213951
935,0.2450851,0.1788412,0.1273128
936,0.2325798,0.1893809,0.1285503
937,0.2165912,0.1562329,0.1313756
938,0.2018485,0.1214938,0.1350605
939,0.202686,0.1247122,0.1405899
940,0.2040258,0.163716,0.1451594
941,0.2137448,0.1766382,0.1485966
942,0.2211664,0.1914068,0.1489622
943,0.2736186,0.2297921,0.1437272
944,0.3374015,0.2726482,0.1353124
945,0.3392137,0.3006782,0.1280179
946,0.3118767,0.3219668,0.1213795
947,0.2938875,0.3066683,0.1133747
948,0.2730596,0.2870439,0.1082211
949,0.2417274,0.2710738,0.1048499
950,0.2134729,0.2610043,0.1039108
951,0.2183677,0.242072,0.1062453
952,0.2235548,0.2234681,0.1103257
953,0.2066641,0.2113966,0.1157448
954,0.1936243,0.2134453,0.1203076
955,0.1804822,0.2288887,0.1178367
956,0.1635116,0.2654617,0.1192585
957,0.1584239,0.3102096,0.1215378
958,0.1700857,0.3314452,0.1282736
959,0.1722769,0.3066658,0.1298948
960,0.1834504,0.2754652,0.1315689
961,0.1617869,0.2651315,0.146104
962,0.1212773,0.277283,0.1610211
963,0.127459,0.2945076,0.1655254
964,0.1376235,0.3187209,0.1682274
965,0.1319308,0.3242897,0.1787208
966,0.1406056,0.3379324,0.1864988
967,0.1389961,0.3631561,0.1926417
968,0.1523649,0.3664551,0.1996895
969,0.1498678,0.3241808,0.206333
970,0.1492164,0.2762435,0.2119873
971,0.1657232,0.2298831,0.2121199
972,0.1707517,0.2166298,0.2047551
973,0.1783693,0.2122132,0.2011679
974,0.1863068,0.1971451,0.2019269
975,0.1685417,0.2174325,0.2007082
976,0.1390653,0.2574675,0.196997
977,0.1230472,0.2614477,0.1997724
978,0.1212933,0.2430123,0.202758
979,0.108458,0.2479239,0.1995254
980,0.1029498,0.249294,0.1943274
981,0.1219158,0.246229,0.1961458
982,0.1690537,0.2494609,0.19819
983,0.1756651,0.2958629,0.1956559
984,0.1552202,0.3665941,0.1907189
985,0.1250545,0.3743831,0.1887399
986,0.1154087,0.3414561,0.1863025
987,0.09350224,0.3060761,0.1829628
988,0.1125712,0.2808333,0.177261
989,0.1273278,0.2382988,0.1756962
990,0.1631149,0.1858992,0.1783692
991,0.1563134,0.1622148,0.1845244
992,0.1331795,0.1454058,0.1894644
993,0.1495003,0.1656965,0.1957468
994,0.1861787,0.1862983,0.1986118
995,0.228458,0.1786429,0.1989074
996,0.2666484,0.1588292,0.1957044
997,0.2794926,0.1173515,0.1892253
998,0.2882814,0.07648925,0.1832239
999,0.3062422,0.1011621,0.1850828
1000,0.3166294,0.1413053,0.1885383
1001,0.3136861,0.1457618,0.1892343
1002,0.30239,0.1284415,0.1936413
1003,0.2881768,0.08692922,0.1953665
1004,0.281876,0.0687192,0.1923961
1005,0.291133,0.1215429,0.1835412
1006,0.3170645,0.1818171,0.1819202
1007,0.3341361,0.1952458,0.1826929
1008,0.3394233,0.1777007,0.1863856
1009,0.3665693,0.1357062,0.1911409
1010,0.3787554,0.09993111,0.1949385
1011,0.3897299,0.07894376,0.2024514
1012,0.3771191,0.0622074,0.2029672
1013,0.3685777,0.05229632,0.2049208
1014,0.365384,0.0392597,0.2098571
1015,0.3471509,0.02615117,0.2133421
1016,0.3347834,0.03836995,0.2136203
1017,0.3237663,0.04133703,0.2154353
1018,0.3277902,0.03311982,0.2156159
1019,0.2989318,0.05660415,0.2187778
1020,0.2809468,0.07442393,0.2182428
1021,0.252335,0.08594893,0.2131427
1022,0.2307733,0.09059742,0.2097903
1023,0.2348774,0.07049813,0.2045632
1024,0.2481856,0.05954859,0.2014421
1025,0.2414814,0.09667403,0.1992497
1026,0.2400075,0.1673871,0.2030302
1027,0.2630538,0.1995946,0.205061
1028,0.3100354,0.2192746,0.2081554
1029,0.2877276,0.2200028,0.2083859
1030,0.2334416,0.2224359,0.2127458
1031,0.221963,0.2283244,0.2155679
1032,0.2162351,0.2319168,0.2202609
1033,0.2331295,0.2469864,0.2216414
1034,0.2405555,0.271957,0.2192368
1035,0.2208749,0.2836444,0.2210406
1036,0.2310708,0.3068658,0.225044
1037,0.2480918,0.3482094,0.2314095
1038,0.2527284,0.4004399,0.2401711
1039,0.2418878,0.4109636,0.2534715
1040,0.2338997,0.4103094,0.2637398
1041,0.2097668,0.3992611,0.2722761
1042,0.1767334,0.3998978,0.2797159
1043,0.1603495,0.4249133,0.282468
1044,0.1387741,0.4643486,0.2898416
1045,0.1198671,0.4801433,0.295793
1046,0.1232327,0.4708261,0.3047438
1047,0.1013245,0.4796935,0.3157376
1048,0.1135225,0.5021614,0.3233426
1049,0.1307617,0.501335,0.3312331
1050,0.1478893,0.4986443,0.3408619
1051,0.1507606,0.515857,0.3513305
1052,0.1498962,0.5317321,0.3637855
1053,0.1782137,0.5131947,0.3785363
1054,0.2161557,0.4958103,0.3930393
1055,0.2107378,0.4629553,0.4060481
1056,0.1865014,0.4269161,0.4169981
1057,0.1902508,0.4285862,0.4262975
1058,0.2071032,0.4436535,0.4322599
1059,0.2194106,0.4599044,0.4431055
1060,0.2330342,0.4772711,0.4566199
1061,0.2582983,0.4615646,0.4647407
1062,0.2890615,0.4216892,0.4744457
1063,0.334377,0.3900829,0.4880116
1064,0.3711041,0.3695059,0.505184
1065,0.3850612,0.3500453,0.5269821
1066,0.3880969,0.3354915,0.5496432
1067,0.4223303,0.3432569,0.5743427
1068,0.4653186,0.3711224,0.5942808
1069,0.5078119,0.4271465,0.6105381
1070,0.552537,0.4951012,0.6337891
1071,0.5961536,0.516543,0.6552184
1072,0.6121788,0.5095096,0.6728264
1073,0.6089255,0.4965024,0.6884471
1074,0.6004599,0.4849741,0.7074185
1075,0.5932515,0.4443672,0.7266481
1076,0.6077641,0.3774466,0.7407426
1077,0.6466612,0.2965784,0.7571425
1078,0.6854793,0.2438752,0.7764396
1079,0.1264564,0.04098436,0.1124536
1080,0.1410401,0.02925641,0.1248398
1081,0.1248575,0.05103266,0.127974
1082,0.1035598,0.1281945,0.130935
1083,0.09766394,0.1684387,0.1351196
1084,0.09258419,0.182209,0.1383215
1085,0.09559505,0.1774851,0.1320562
1086,0.08752723,0.1791212,0.1347567
1087,0.08717793,0.1899716,0.1444075
1088,0.1218846,0.2002328,0.1577932
1089,0.133953,0.2104414,0.1639315
1090,0.1215699,0.2129359,0.1691124
1091,0.122763,0.2106177,0.1706149
1092,0.1485737,0.2045765,0.1724233
1093,0.1388713,0.2118221,0.1713696
1094,0.1319968,0.2105328,0.1710533
1095,0.1241869,0.1654075,0.1749787
1096,0.1249875,0.0972337,0.1785156
1097,0.1398251,0.09397166,0.157279
1098,0.1360004,0.1040614,0.1480109
1099,0.1370978,0.103311,0.1419019
1100,0.145064,0.08159406,0.1355191
1101,0.1327268,0.0582951,0.1330771
1102,0.1454817,0.08813427,0.1319506
1103,0.1616522,0.1023484,0.1310347
1104,0.1738152,0.08578579,0.1248984
1105,0.2077731,0.06471561,0.1191082
1106,0.2180447,0.04359411,0.1148954
1107,0.2019031,0.03060553,0.1148679
1108,0.2169568,0.06533118,0.1140083
1109,0.2222001,0.08250723,0.1150189
1110,0.2353141,0.08264144,0.1177598
1111,0.257008,0.08866639,0.1187777
1112,0.2739598,0.09346057,0.1197164
1113,0.2751575,0.08855245,0.1158291
1114,0.2876591,0.085136,0.1126187
1115,0.297794,0.06362545,0.115049
1116,0.3048013,0.02710217,0.1196625
1117,0.3115169,0.03146091,0.1199326
1118,0.3256505,0.044689,0.1192368
1119,0.3294095,0.07669953,0.1185103
1120,0.3310287,0.09111901,0.1241361
1121,0.3161885,0.1085786,0.1301057
1122,0.2998373,0.1403604,0.1352629
1123,0.2917297,0.1944588,0.1446793
1124,0.2855565,0.2265469,0.1567397
1125,0.2754699,0.2512282,0.1641375
1126,0.2678474,0.2687282,0.1669794
1127,0.2548411,0.2602275,0.1667268
1128,0.2465127,0.2614503,0.1701537
1129,0.241331,0.2735071,0.1779076
1130,0.2284007,0.2755855,0.1884679
1131,0.2138002,0.2851679,0.1994869
1132,0.201894,0.2989189,0.2097921
1133,0.2041624,0.2901021,0.2143395
1134,0.2608079,0.2892993,0.2224741
1135,0.2720479,0.299277,0.2337108
1136,0.2566412,0.3222823,0.2449829
1137,0.2512131,0.3203555,0.2556715
1138,0.2571367,0.3204798,0.2646377
1139,0.2693969,0.3214113,0.2682192
1140,0.2794412,0.3400516,0.2707926
1141,0.2571599,0.3708705,0.2790002
1142,0.2283137,0.3937997,0.28767
1143,0.2463297,0.3982455,0.2876839
1144,0.3063623,0.4030523,0.2899352
1145,0.2897538,0.4471446,0.2963916
1146,0.260308,0.510753,0.3057952
1147,0.2392661,0.5640594,0.3164115
1148,0.2230318,0.5954214,0.3279256
1149,0.2038736,0.5667399,0.328755
1150,0.206593,0.554969,0.3354477
1151,0.2468479,0.5192547,0.3357197
1152,0.2859742,0.5028105,0.3361349
1153,0.3106968,0.5303687,0.3387809
1154,0.3144625,0.5251012,0.3435777
1155,0.2670769,0.5179197,0.3397587
1156,0.2129241,0.5211735,0.3352647
1157,0.202145,0.5513306,0.3289239
1158,0.2064572,0.5842671,0.3279684
1159,0.18987,0.5960291,0.3323894
1160,0.1809456,0.5986248,0.3342612
1161,0.1976913,0.5837604,0.3415378
1162,0.1976293,0.5557363,0.3477631
1163,0.176999,0.5672963,0.3527293
1164,0.1717868,0.5925856,0.3592043
1165,0.179535,0.5882816,0.3706269
1166,0.1892198,0.5610085,0.380636
1167,0.193181,0.5432808,0.390182
1168,0.184027,0.5208763,0.3996298
1169,0.1905657,0.4718572,0.3947733
1170,0.2206483,0.4264507,0.3940077
1171,0.2529788,0.4282483,0.3922042
1172,0.2579193,0.4372917,0.3881282
1173,0.2249132,0.4242605,0.3849084
1174,0.2190726,0.4209191,0.3842222
1175,0.2466931,0.3835195,0.3842171
1176,0.285748,0.3498304,0.3859029
1177,0.2930429,0.3329282,0.3916405
1178,0.2793731,0.3274243,0.400585
1179,0.2841844,0.2881087,0.4115638
1180,0.2927436,0.2639254,0.4185258
1181,0.3111684,0.2399028,0.4209631
1182,0.3247396,0.2254503,0.4206412
1183,0.3407439,0.2189657,0.4164869
1184,0.3671264,0.2285871,0.411796
1185,0.3828675,0.2283635,0.4125712
1186,0.3903413,0.240866,0.4125168
1187,0.4048952,0.2645095,0.4136545
1188,0.4556981,0.2768456,0.4127648
1189,0.4836208,0.2889731,0.4106367
1190,0.4930621,0.29676,0.4117711
1191,0.5097512,0.2976577,0.4163536
1192,0.5245633,0.297101,0.4229946
1193,0.5544326,0.2510968,0.4260759
1194,0.5909583,0.2070846,0.4274202
1195,0.5927138,0.2018201,0.4280372
1196,0.589051,0.2167154,0.4293745
1197,0.5747135,0.2264964,0.4392008
1198,0.588937,0.2269487,0.4485181
1199,0.5863973,0.2488509,0.452796
1200,0.566618,0.2722128,0.4578261
1201,0.566859,0.276662,0.4638482
1202,0.5802922,0.2835321,0.469067
1203,0.5959855,0.2799287,0.4675092
1204,0.6172426,0.2698987,0.4708132
1205,0.6291538,0.2651957,0.4776839
1206,0.6272333,0.2501369,0.4868453
1207,0.6134546,0.2581235,0.501511
1208,0.6020846,0.2712341,0.5184369
1209,0.6189821,0.2878086,0.5297925
1210,0.6411681,0.3008351,0.5414128
1211,0.6598293,0.3067219,0.5501171
1212,0.6869876,0.3118666,0.5566801
1213,0.6888608,0.3060399,0.561736
1214,0.6846755,0.3289163,0.5668754
1215,0.6864971,0.3060819,0.5701485
1216,0.6975021,0.3183361,0.5756909
1217,0.7067655,0.31508,0.5786794
1218,0.7251911,0.3118401,0.5848463
1219,0.7276081,0.3305745,0.5871033
1220,0.7185323,0.3320377,0.5903032
1221,0.7114459,0.3598335,0.5972381
1222,0.7202745,0.3985723,0.6052964
1223,0.7151564,0.3869379,0.6082473
1224,0.7089315,0.3717794,0.6085094
1225,0.7237436,0.3857897,0.6108566
1226,0.7432303,0.4079821,0.6157472
1227,0.7495263,0.4320468,0.6209742
1228,0.7510657,0.4509996,0.6290765
1229,0.73521,0.4720195,0.6331946
1230,0.7281166,0.5060717,0.6361539
1231,0.7261877,0.5515713,0.6427753
1232,0.729489,0.5932616,0.6525283
1233,0.7414245,0.6385813,0.6591387
1234,0.7584815,0.6840729,0.6629449
1235,0.7294638,0.7009004,0.6738143
1236,0.6839722,0.6876068,0.6807309
1237,0.6993933,0.6780294,0.6848873
1238,0.7429196,0.6895297,0.6919351
1239,0.7389247,0.676371,0.6978549
1240,0.7198792,0.6603448,0.709051
1241,0.7110893,0.6602532,0.7129902
1242,0.7030991,0.6701213,0.7210923
1243,0.6899809,0.7045206,0.7280757
1244,0.6978077,0.7546338,0.735694
1245,0.6979014,0.7867395,0.7463984
1246,0.6875562,0.8037054,0.7598997
1247,0.6943563,0.842394,0.7764396
1248,0.7253834,0.8844285,0.7874587
1249,0.7395185,0.872716,0.7943704
1250,0.7299039,0.8423517,0.800329
1251,0.6975941,0.8275615,0.8073372
1252,0.6708897,0.8133228,0.8153876
1253,0.679018,0.8025964,0.8273787
1254,0.7057417,0.7968264,0.8355933
1255,0.6894643,0.8017241,0.8440024
1256,0.6810108,0.8229197,0.8501053
1257,0.6594857,0.8311718,0.8588018
1258,0.6483519,0.8225871,0.8679554
1259,0.6504752,0.8200944,0.8765997
1260,0.6456339,0.8321826,0.883933
1261,0.6397644,0.8467044,0.8942506
1262,0.6580173,0.8820394,0.9046149
1263,0.678966,0.9161282,0.9088687
1264,0.6757967,0.9405415,0.9143505
1265,0.6671451,0.9420251,0.9208125
1266,0.674324,0.9242727,0.9278598
1267,0.6852772,0.9358739,0.9418025
1268,0.7153887,0.9628696,0.9545678
1269,0.7162784,0.981374,0.9698063
1270,0.7273197,0.9867212,0.9852206
1271,0.7286575,0.9718059,0.9958481
1272,0.7451143,0.9434522,1.004713
1273,0.7443106,0.8986092,1.009119
1274,0.7678271,0.8656328,1.011835
1275,0.782636,0.8553851,1.006722
1276,0.791572,0.8601332,1.000287
1277,0.8105947,0.8930968,0.9895478
1278,0.8254894,0.9392753,0.9762398
1279,0.8384823,0.9508491,0.9689249
1280,0.8506322,0.9349188,0.9700873
1281,0.8632936,0.9030584,0.973402
1282,0.8840963,0.8686154,0.9763897
1283,0.8875002,0.8395482,0.9788799
1284,0.8907862,0.8058823,0.9837924
1285,0.89337,0.8028131,0.9925724
1286,0.8995752,0.8170267,0.9975797
1287,0.923358,0.8430756,1.003732
1288,0.9280853,0.8751924,1.008119
1289,0.9305575,0.8488675,1.015406
1290,0.9275731,0.8074463,1.021673
1291,0.9249645,0.7775438,1.028617
1292,0.9262727,0.733519,1.031381
1293,0.9558203,0.7155988,1.037048
1294,1.014225,0.7099718,1.042855
1295,1.045339,0.7299629,1.044602
1296,1.027353,0.7558334,1.051003
1297,0.991388,0.749257,1.049761
1298,1.004475,0.7357898,1.048758
1299,1.021295,0.7972934,1.052879
1300,1.028711,0.8776116,1.058486
1301,1.041121,0.9160265,1.065266
1302,1.091922,0.9147453,1.068088
1303,1.130009,0.9123782,1.071479
1304,1.159182,0.9002092,1.079963
1305,1.155162,0.8945629,1.081228
1306,1.145194,0.899771,1.082683
1307,1.14097,0.9125376,1.091346
1308,1.12963,0.9260023,1.096792
1309,1.158461,0.9339308,1.100277
1310,1.205394,0.9484963,1.105077
1311,1.216522,0.9466896,1.103162
1312,1.225841,0.9545829,1.098351
1313,1.213836,1.014923,1.096205
1314,1.220273,1.069874,1.098012
1315,1.2103,1.071106,1.096676
1316,1.231402,1.06386,1.098793
1317,1.242166,1.084663,1.108567
1318,1.242231,1.099742,1.119376
1319,1.236704,1.099089,1.127264
1320,1.233322,1.080891,1.133699
1321,1.231376,1.04495,1.136535
1322,1.227908,1.019784,1.137861
1323,1.245313,1.024989,1.147985
1324,1.256423,1.024518,1.158816
1325,1.239552,1.066175,1.168665
1326,1.226753,1.132607,1.178439
1327,1.228231,1.169885,1.160465
1328,1.237544,1.16425,1.155655
1329,1.257807,1.167409,1.157058
1330,1.270399,1.167172,1.165012
1331,1.275562,1.16957,1.166997
1332,1.272481,1.17233,1.166734
1333,1.255792,1.14429,1.170914
1334,1.240457,1.121884,1.176767
1335,1.215518,1.086752,1.18189
1336,1.201576,1.051907,1.184507
1337,1.211957,1.045029,1.186071
1338,1.222283,1.074146,1.189718
1339,1.233174,1.093038,1.190318
1340,1.234434,1.105488,1.19113
1341,1.230331,1.164831,1.199609
1342,1.229728,1.238079,1.210133
1343,1.200498,1.28355,1.2198
1344,1.171888,1.313438,1.224075
1345,1.156027,1.318879,1.22929
1346,1.142185,1.314207,1.234322
1347,1.118885,1.291486,1.235337
1348,1.115723,1.261755,1.233915
1349,1.141861,1.287009,1.236456
1350,1.135956,1.31546,1.238193
1351,1.100254,1.330534,1.244644
1352,1.093038,1.329293,1.250026
1353,1.115189,1.351337,1.245799
1354,1.118556,1.395806,1.239424
1355,1.120867,1.42545,1.239458
1356,1.119369,1.458971,1.23797
1357,1.107889,1.510723,1.23873
1358,1.088322,1.560012,1.241339
1359,1.087197,1.60207,1.230564
1360,1.109139,1.645648,1.224193
1361,1.108416,1.616303,1.232877
1362,1.116762,1.553466,1.243155
1363,1.106343,1.524377,1.247645
1364,1.099306,1.531997,1.247388
1365,1.114272,1.546604,1.247196
1366,1.141927,1.551638,1.248412
1367,1.15814,1.533352,1.252844
1368,1.173908,1.509339,1.259891
1369,1.200368,1.50133,1.261425
1370,1.20169,1.498716,1.261607
1371,1.168269,1.473453,1.260812
1372,1.136352,1.441892,1.263798
1373,1.116133,1.448649,1.268633
1374,1.102375,1.480267,1.270636
1375,1.104859,1.479519,1.282371
1376,1.138611,1.462721,1.295062
1377,1.1524,1.462639,1.307605
1378,1.149876,1.45376,1.319654
1379,0.1178989,0.07757483,0.1148502
1380,0.06104301,0.04686893,0.1129399
1381,0.05894584,0.09578111,0.1090996
1382,0.0573341,0.1782166,0.114297
1383,0.0752615,0.2182262,0.1135411
1384,0.08743866,0.2261777,0.109461
1385,0.0962317,0.2210889,0.1133091
1386,0.09302305,0.2045303,0.1245481
1387,0.09928726,0.1728588,0.1242405
1388,0.1022012,0.1495918,0.1206088
1389,0.0929842,0.1562278,0.1189763
1390,0.07892004,0.1742623,0.1155075
1391,0.1116106,0.2060017,0.1173511
1392,0.1308737,0.2380979,0.121042
1393,0.1464462,0.261661,0.1214898
1394,0.1630969,0.26839,0.1187524
1395,0.1557355,0.2981998,0.1135242
1396,0.1314737,0.3193279,0.1083271
1397,0.1088344,0.3358557,0.1033145
1398,0.103198,0.3615786,0.1051108
1399,0.1043918,0.3511582,0.1056755
1400,0.1107624,0.3145452,0.1091079
1401,0.1111476,0.2759654,0.1076861
1402,0.1079133,0.2363054,0.1051964
1403,0.1135905,0.1900308,0.09762064
1404,0.1803926,0.1604316,0.09806622
1405,0.2298102,0.1346486,0.1009889
1406,0.2318418,0.09804402,0.1063021
1407,0.1868442,0.09909318,0.1093348
1408,0.1628435,0.10595,0.1102203
1409,0.1890959,0.06695486,0.110184
1410,0.24191,0.06352416,0.1128304
1411,0.2542594,0.0447437,0.1217193
1412,0.2430793,0.05870577,0.1318092
1413,0.2172807,0.08451311,0.134918
1414,0.200475,0.1331066,0.1271211
1415,0.1963418,0.164342,0.1270576
1416,0.1905331,0.1741505,0.1365338
1417,0.1982286,0.1586968,0.1323717
1418,0.2156803,0.1361944,0.1224976
1419,0.1765485,0.1077857,0.1202908
1420,0.1475265,0.07041983,0.1219942
1421,0.1460285,0.05054829,0.1180713
1422,0.1684342,0.07161631,0.1141568
1423,0.1769499,0.09199979,0.1098431
1424,0.1974181,0.1139184,0.1056835
1425,0.1921575,0.1102466,0.1071554
1426,0.1707458,0.1383938,0.1107038
1427,0.1928495,0.1158029,0.1115431
1428,0.1860818,0.1032037,0.1125317
1429,0.1621739,0.1003453,0.1197967
1430,0.1574676,0.08963943,0.1259972
1431,0.1635839,0.06052211,0.1298231
1432,0.1748898,0.07280668,0.1340898
1433,0.1508823,0.07368446,0.1361358
1434,0.1440333,0.08547467,0.1407924
1435,0.1338544,0.06547181,0.1473322
1436,0.1333486,0.04077315,0.1501144
1437,0.1359312,0.04641093,0.1553768
1438,0.1291315,0.06780528,0.1603253
1439,0.1136252,0.09631963,0.1637248
1440,0.1155257,0.1342314,0.1664613
1441,0.1264759,0.1624666,0.1710816
1442,0.1366612,0.1896522,0.1701431
1443,0.110527,0.2032739,0.1697365
1444,0.07972757,0.2126763,0.1739977
1445,0.08965746,0.2142836,0.1752859
1446,0.09403465,0.1968953,0.1772292
1447,0.07263808,0.2043613,0.1673116
1448,0.07408328,0.2170011,0.1631199
1449,0.09907943,0.2223559,0.1591675
1450,0.1333316,0.2708282,0.1618567
1451,0.1638672,0.3335034,0.162162
1452,0.191186,0.3766721,0.1616345
1453,0.2072775,0.3863179,0.1612598
1454,0.2147482,0.3843855,0.160005
1455,0.2246046,0.383734,0.1630277
1456,0.2350221,0.3791406,0.1687893
1457,0.2176656,0.3657545,0.1780474
1458,0.1795973,0.3627936,0.1851262
1459,0.1269137,0.3369716,0.187526
1460,0.1324186,0.3087111,0.1880078
1461,0.1782256,0.3082238,0.1856255
1462,0.21106,0.3365199,0.1823647
1463,0.2090911,0.3876261,0.1816171
1464,0.1911963,0.4693217,0.1799538
1465,0.1445506,0.4946476,0.1827003
1466,0.1123515,0.4988977,0.190789
1467,0.1452728,0.4820904,0.189177
1468,0.1839504,0.4616934,0.1874597
1469,0.1962014,0.4711351,0.1929791
1470,0.2042389,0.4776417,0.2034409
1471,0.2233928,0.5034075,0.2097323
1472,0.2403069,0.5415581,0.2207646
1473,0.2665168,0.5324938,0.2338703
1474,0.306644,0.5015032,0.2473845
1475,0.3485603,0.4794614,0.2495688
1476,0.3748227,0.4727485,0.2554391
1477,0.3584109,0.4678366,0.2620468
1478,0.3085694,0.4677179,0.2659853
1479,0.293627,0.4717303,0.2715162
1480,0.3089094,0.4570519,0.2827213
1481,0.30033,0.4513407,0.2889253
1482,0.2797682,0.4495273,0.2914518
1483,0.27929,0.4315978,0.3017784
1484,0.293731,0.4014373,0.3086833
1485,0.2888049,0.3925765,0.3173559
1486,0.2728298,0.3937228,0.3280698
1487,0.2829692,0.3886606,0.3393403
1488,0.313543,0.3815135,0.3501088
1489,0.3098207,0.3573881,0.3606796
1490,0.2938664,0.3323383,0.36941
1491,0.2795727,0.3382776,0.3758821
1492,0.2920902,0.3982199,0.3821968
1493,0.2752633,0.3981923,0.3867768
1494,0.2500929,0.4092253,0.3847428
1495,0.2356879,0.3818189,0.3889689
1496,0.233961,0.3303878,0.3879395
1497,0.2259975,0.284646,0.3863027
1498,0.2267659,0.2439254,0.3842817
1499,0.2420391,0.2279215,0.3875856
1500,0.2594875,0.2181791,0.3939072
1501,0.2869641,0.2451217,0.3982823
1502,0.3227777,0.2720843,0.3918752
1503,0.3594967,0.2505939,0.3817242
1504,0.3880149,0.2138283,0.3732401
1505,0.4368843,0.2021443,0.3726366
1506,0.489028,0.1980353,0.3769382
1507,0.5248796,0.2327536,0.3787024
1508,0.5544953,0.2426011,0.3813525
1509,0.5977325,0.2062347,0.3917246
1510,0.6563343,0.1558315,0.4067706
1511,0.6652619,0.10437,0.4137752
1512,0.6431053,0.08938468,0.4159656
1513,0.5923634,0.1012203,0.4186506
1514,0.5312828,0.1261458,0.4203261
1515,0.5550297,0.1560504,0.4271383
1516,0.6337244,0.1708924,0.4352827
1517,0.6648476,0.1592444,0.4372549
1518,0.6715402,0.1550622,0.4341984
1519,0.6426558,0.1445822,0.4368232
1520,0.5938975,0.150279,0.4399069
1521,0.5593666,0.151533,0.4522083
1522,0.5455467,0.1612611,0.4599212
1523,0.5516063,0.1864629,0.4642907
1524,0.5622353,0.1972376,0.4668155
1525,0.5645787,0.1842673,0.4683819
1526,0.577487,0.1632673,0.4765716
1527,0.5998433,0.1823018,0.4853105
1528,0.6280287,0.2183181,0.4935811
1529,0.6231226,0.2413602,0.4960462
1530,0.6253211,0.2661204,0.4948287
1531,0.6425435,0.2916089,0.4894709
1532,0.6561363,0.2803589,0.4863826
1533,0.6503816,0.2539515,0.4914687
1534,0.6506566,0.2465956,0.4979372
1535,0.6518985,0.2633715,0.506411
1536,0.6322077,0.2884965,0.517754
1537,0.6086274,0.2912154,0.5291923
1538,0.5912436,0.2734681,0.5387346
1539,0.5572457,0.2391045,0.5579129
1540,0.5412909,0.2376676,0.5757954
1541,0.5101981,0.3183038,0.5902278
1542,0.4863214,0.4089773,0.5947013
1543,0.474268,0.4450937,0.5926701
1544,0.4801927,0.4753884,0.5909563
1545,0.4820694,0.4617491,0.595057
1546,0.5162713,0.4347972,0.5955914
1547,0.5044534,0.4713302,0.5962707
1548,0.4767368,0.5294604,0.5927708
1549,0.4758648,0.5790577,0.5896099
1550,0.497121,0.6116439,0.5933496
1551,0.5152572,0.6108021,0.5901741
1552,0.5459095,0.6033879,0.5824125
1553,0.5620317,0.6276692,0.5820068
1554,0.5674715,0.6721107,0.5773545
1555,0.5897959,0.7349804,0.5785979
1556,0.6231282,0.796485,0.5792874
1557,0.5954995,0.8875383,0.577695
1558,0.5437469,0.9442793,0.5785065
1559,0.5092556,0.956974,0.5849059
1560,0.4791109,0.9562492,0.5917526
1561,0.4579163,0.9143736,0.5980512
1562,0.444595,0.8652184,0.6050835
1563,0.4841642,0.8904832,0.5844769
1564,0.506909,0.9264513,0.5947379
1565,0.4726405,0.9114281,0.6011235
1566,0.4341777,0.8960819,0.6133291
1567,0.368839,0.8706735,0.6235195
1568,0.3332202,0.8521333,0.6377314
1569,0.3279716,0.8334129,0.6497411
1570,0.3328818,0.8263861,0.6570413
1571,0.3641289,0.8203909,0.6714061
1572,0.4282067,0.8173628,0.6840464
1573,0.4134063,0.8187834,0.6970043
1574,0.3800706,0.8185982,0.7076944
1575,0.3834952,0.8212411,0.7209124
1576,0.4288758,0.823053,0.7353556
1577,0.4253171,0.8337419,0.7509309
1578,0.4249974,0.85266,0.7640812
1579,0.4414579,0.8778084,0.7697583
1580,0.475648,0.9025819,0.7780111
1581,0.5154606,0.8954592,0.7750201
1582,0.5620841,0.8796625,0.7798433
1583,0.5853371,0.8533742,0.787698
1584,0.5936361,0.8337075,0.7985821
1585,0.6081907,0.7985268,0.8026918
1586,0.6334677,0.769892,0.8064486
1587,0.6507891,0.7580843,0.8080737
1588,0.6660933,0.7469096,0.8096823
1589,0.6477194,0.7633031,0.8121467
1590,0.6592708,0.7609541,0.8144292
1591,0.6863618,0.7594133,0.8154184
1592,0.7190257,0.7521691,0.8174587
1593,0.7390056,0.7298698,0.8191057
1594,0.7737998,0.707369,0.8252692
1595,0.7874729,0.6896697,0.8248631
1596,0.7950636,0.6858733,0.8241908
1597,0.8099343,0.6572896,0.8263823
1598,0.8294674,0.6220066,0.8292854
1599,0.810157,0.6114483,0.8314158
1600,0.8063871,0.6195557,0.8359435
1601,0.828298,0.6275366,0.8349351
1602,0.8613927,0.6278551,0.8411995
1603,0.8793891,0.595449,0.8411354
1604,0.8917007,0.5761524,0.8395357
1605,0.9053723,0.5838767,0.8443485
1606,0.9211972,0.6212042,0.8517786
1607,0.9301049,0.6339282,0.8555324
1608,0.92873,0.6417739,0.8617184
1609,0.9139059,0.6238126,0.8666474
1610,0.9051048,0.6027716,0.8706006
1611,0.9085782,0.591836,0.8735524
1612,0.9139902,0.6026096,0.8843343
1613,0.90421,0.6185317,0.8859697
1614,0.9280477,0.6387545,0.8849792
1615,0.9713554,0.6447421,0.8809174
1616,1.01942,0.6707738,0.8727661
1617,1.019767,0.7273776,0.8713259
1618,1.01952,0.7777566,0.8742267
1619,1.040105,0.7865139,0.876
1620,1.07318,0.8000547,0.875403
1621,1.098013,0.7955915,0.8787286
1622,1.100765,0.7915088,0.8823856
1623,1.074881,0.7971578,0.8911752
1624,1.069321,0.8183412,0.8989694
1625,1.072603,0.8404475,0.9066604
1626,1.073922,0.8511841,0.9181209
1627,1.071374,0.8425457,0.9318736
1628,1.067477,0.824567,0.9478659
1629,1.07263,0.8557867,0.9615523
1630,1.076906,0.9240512,0.9758316
1631,1.099702,0.9543678,0.9923292
1632,1.121294,0.973628,1.011441
1633,1.133328,0.9373922,1.020641
1634,1.140374,0.8772411,1.028609
1635,1.142645,0.8436245,1.043738
1636,1.142949,0.8290055,1.057652
1637,1.11492,0.8343711,1.074899
1638,1.099893,0.8559724,1.083557
1639,1.105486,0.8505421,1.090908
1640,1.101812,0.8363786,1.095567
1641,1.132178,0.8580325,1.100137
1642,1.155872,0.9093976,1.108021
1643,1.125525,0.9349944,1.121272
1644,1.103355,0.9543183,1.132181
1645,1.103755,0.9516985,1.13699
1646,1.112949,0.9418631,1.135843
1647,1.120336,0.9573676,1.143642
1648,1.118564,0.9853729,1.151013
1649,1.093348,1.02305,1.137773
1650,1.071928,1.060661,1.135572
1651,1.06443,1.0768,1.134436
1652,1.070505,1.083883,1.136514
1653,1.077644,1.061274,1.133371
1654,1.075715,1.0392,1.134527
1655,1.058386,1.049986,1.140189
1656,1.046219,1.055873,1.146294
1657,1.057302,1.086451,1.154646
1658,1.068695,1.135113,1.160692
1659,1.04333,1.155539,1.166819
1660,1.022398,1.171527,1.176412
1661,1.021387,1.178185,1.180724
1662,1.027667,1.192017,1.181676
1663,1.010511,1.230002,1.182329
1664,1.012076,1.274058,1.181077
1665,1.009856,1.281066,1.182676
1666,1.000303,1.292413,1.18539
1667,0.9877824,1.321661,1.188361
1668,0.9802564,1.357368,1.187791
1669,0.9768326,1.384107,1.191455
1670,0.9898268,1.402468,1.195643
1671,0.9767807,1.421937,1.195126
1672,0.9606286,1.446184,1.198247
1673,0.9626336,1.445316,1.203883
1674,0.962025,1.429759,1.207439
1675,0.9802336,1.402995,1.219376
1676,1.018942,1.385877,1.232877
1677,1.034552,1.381144,1.237646
1678,1.048252,1.379982,1.245862
1679,0.08073924,0.1145797,0.1136699
1680,0.0687313,0.08119477,0.1024156
1681,0.0495248,0.1317476,0.09181132
1682,0.1168388,0.2078624,0.09282742
1683,0.1343604,0.2444659,0.09383446
1684,0.1407339,0.2434595,0.09258278
1685,0.1651752,0.2337324,0.09033666
1686,0.2029412,0.2181699,0.08767132
1687,0.201389,0.1891397,0.08732434
1688,0.1742049,0.1631911,0.09079284
1689,0.1816792,0.1277176,0.09357332
1690,0.1968754,0.1043644,0.09280532
1691,0.1721453,0.1329249,0.09416883
1692,0.1479324,0.1861223,0.1021421
1693,0.146543,0.1989234,0.1079231
1694,0.1425189,0.2272047,0.1094275
1695,0.1438889,0.201845,0.1136746
1696,0.1592554,0.1743675,0.1179175
1697,0.1595113,0.1563623,0.1174513
1698,0.15372,0.1409282,0.1143932
1699,0.1658483,0.1034285,0.1132281
1700,0.1605778,0.07469748,0.1138988
1701,0.1433671,0.1064837,0.1129715
1702,0.1288618,0.1266705,0.1131711
1703,0.118067,0.1603343,0.117761
1704,0.1327962,0.1857689,0.1259725
1705,0.1219197,0.1937443,0.1279301
1706,0.09286542,0.1997547,0.1270848
1707,0.09460901,0.2227805,0.1219339
1708,0.1254185,0.2400858,0.115591
1709,0.1358104,0.2245497,0.1120775
1710,0.1335303,0.2031909,0.1074256
1711,0.1460285,0.1834722,0.104439
1712,0.1831474,0.1571616,0.1013486
1713,0.1834793,0.1213626,0.1010715
1714,0.1800663,0.1186713,0.1028363
1715,0.1971942,0.1426915,0.1064768
1716,0.2140088,0.151608,0.1084248
1717,0.2110234,0.1676665,0.1048953
1718,0.2243412,0.1567852,0.09945374
1719,0.257937,0.1803485,0.09429877
1720,0.2830412,0.2196534,0.09091668
1721,0.2864478,0.2211631,0.08850115
1722,0.2730711,0.2193265,0.08290394
1723,0.2554139,0.226202,0.07369354
1724,0.2424177,0.2311029,0.06346628
1725,0.2135714,0.198826,0.0557103
1726,0.2084928,0.1590694,0.04650814
1727,0.2024554,0.1466938,0.04049615
1728,0.203679,0.1576701,0.03869506
1729,0.2161641,0.1403925,0.04311379
1730,0.2524384,0.1204867,0.04676978
1731,0.2454821,0.1361662,0.04932639
1732,0.2271059,0.1479558,0.05284204
1733,0.2235967,0.1528355,0.05130743
1734,0.2294447,0.1563782,0.05215479
1735,0.227438,0.1526575,0.05607882
1736,0.2169986,0.1528247,0.06201008
1737,0.2164647,0.1412704,0.06366647
1738,0.2285399,0.1330348,0.06322373
1739,0.2393014,0.1351595,0.05748225
1740,0.2756093,0.1344653,0.05159399
1741,0.2985188,0.1415303,0.04963335
1742,0.2889487,0.1450735,0.05187497
1743,0.2800844,0.1215567,0.05646143
1744,0.2696033,0.09232311,0.05851544
1745,0.2523482,0.08326168,0.06156964
1746,0.2396735,0.07394297,0.06727522
1747,0.2190571,0.06558058,0.08204287
1748,0.2221621,0.09982245,0.1009236
1749,0.2570492,0.1200056,0.1045238
1750,0.2546267,0.1183383,0.1035038
1751,0.253493,0.09730199,0.09557686
1752,0.2480562,0.06071315,0.08571594
1753,0.2797313,0.05512885,0.07924423
1754,0.3230437,0.073792,0.07734997
1755,0.3591627,0.05796677,0.07803057
1756,0.3908071,0.02850646,0.07557206
1757,0.3990459,0.04829847,0.07786693
1758,0.3885341,0.06116629,0.0767304
1759,0.3868559,0.03337547,0.07420523
1760,0.3812513,0.08262839,0.07145459
1761,0.3616888,0.1259667,0.07186962
1762,0.3476362,0.173502,0.07205248
1763,0.3287375,0.2039022,0.07558822
1764,0.306634,0.2309018,0.07459828
1765,0.3159607,0.2162216,0.0687553
1766,0.3281707,0.2018633,0.06666163
1767,0.3508253,0.2161751,0.06874204
1768,0.3693862,0.2509354,0.0694061
1769,0.3564593,0.2600242,0.06724448
1770,0.3246083,0.2919585,0.06605096
1771,0.3248551,0.3026153,0.0659237
1772,0.327253,0.2943267,0.06323546
1773,0.3217846,0.3131831,0.06609114
1774,0.3144759,0.3214625,0.06663907
1775,0.3094841,0.311728,0.06635943
1776,0.2934079,0.3010621,0.06861977
1777,0.272868,0.2755582,0.07142
1778,0.2436142,0.2430219,0.07241683
1779,0.2079874,0.1729144,0.07275233
1780,0.2041471,0.1740883,0.07416935
1781,0.2256388,0.1894985,0.081862
1782,0.2487496,0.1851866,0.09456889
1783,0.2396858,0.1896304,0.1022038
1784,0.2049622,0.2067154,0.1084851
1785,0.1676073,0.2255255,0.1200776
1786,0.1252407,0.2505755,0.1302825
1787,0.1322865,0.2378269,0.1363491
1788,0.1508652,0.2077821,0.1425052
1789,0.1854582,0.1906795,0.1551033
1790,0.2294323,0.1786586,0.1651549
1791,0.2310017,0.1773044,0.1742528
1792,0.2067654,0.1816758,0.1825818
1793,0.1940016,0.1844012,0.1877104
1794,0.1948052,0.1914658,0.1891007
1795,0.2174473,0.1997415,0.1936487
1796,0.2401842,0.2005394,0.1989502
1797,0.2552402,0.1518708,0.1986221
1798,0.2531891,0.126783,0.1986371
1799,0.2063467,0.1166199,0.2068816
1800,0.1620733,0.1012249,0.2114396
1801,0.1419053,0.09599824,0.2130544
1802,0.136379,0.1089987,0.2132254
1803,0.1273004,0.1475461,0.2126145
1804,0.1178434,0.2072741,0.2127196
1805,0.09934576,0.2234539,0.2070098
1806,0.1152821,0.2029781,0.1998117
1807,0.1377088,0.1671972,0.1845135
1808,0.1518945,0.1265575,0.1768079
1809,0.1767637,0.09472307,0.1805529
1810,0.1942955,0.08803992,0.1835925
1811,0.2117433,0.04376794,0.2018202
1812,0.2227664,0.04314537,0.2083146
1813,0.2096372,0.04036172,0.2166719
1814,0.1900344,0.03229941,0.2242911
1815,0.1655519,0.07322346,0.222518
1816,0.1677516,0.1604612,0.2199662
1817,0.1693301,0.1521063,0.2194405
1818,0.1685908,0.1010971,0.2249318
1819,0.1729919,0.07471937,0.2345638
1820,0.1908802,0.05368083,0.2395484
1821,0.2036151,0.07029301,0.2348428
1822,0.2327206,0.08798952,0.229724
1823,0.2572556,0.1012173,0.2266501
1824,0.2610764,0.1062544,0.2262281
1825,0.2666792,0.1030291,0.2277315
1826,0.2717044,0.09428654,0.2340534
1827,0.2763673,0.05788469,0.2401313
1828,0.2919459,0.03826551,0.242271
1829,0.3021531,0.03120093,0.2462842
1830,0.3205524,0.05533719,0.2457641
1831,0.3276813,0.07774419,0.2388886
1832,0.3339913,0.1000149,0.2409309
1833,0.3229356,0.1036235,0.2491377
1834,0.3191676,0.08964027,0.2549453
1835,0.3366207,0.1193088,0.2569051
1836,0.3567655,0.1622927,0.2617658
1837,0.3612711,0.1409929,0.2677816
1838,0.3603306,0.1376362,0.2707226
1839,0.3704464,0.1244786,0.2724007
1840,0.3849188,0.1121938,0.2730652
1841,0.3875263,0.1233586,0.2758789
1842,0.4037394,0.1535487,0.2803852
1843,0.4053057,0.1740735,0.2811392
1844,0.3932844,0.180694,0.2835263
1845,0.3881865,0.1924053,0.2889264
1846,0.4006363,0.2201374,0.2982206
1847,0.39153,0.2205473,0.3065162
1848,0.3851153,0.2089118,0.3096001
1849,0.3617033,0.2179299,0.3075372
1850,0.3466758,0.2403479,0.3047271
1851,0.3303455,0.2287028,0.3072437
1852,0.3242392,0.2127584,0.3142903
1853,0.2891601,0.2649529,0.312007
1854,0.2687552,0.3096598,0.3084767
1855,0.2828919,0.3661814,0.307547
1856,0.292702,0.4223935,0.3077205
1857,0.3025403,0.4456793,0.3067302
1858,0.3050442,0.4547531,0.307994
1859,0.3188377,0.4860038,0.3129445
1860,0.2965934,0.5178416,0.3197543
1861,0.2533399,0.5169423,0.3194356
1862,0.2315002,0.5099444,0.3188694
1863,0.2315892,0.4949716,0.3167115
1864,0.2329593,0.4852899,0.3157913
1865,0.2304198,0.4802613,0.3173209
1866,0.2167664,0.4776868,0.3203439
1867,0.2100162,0.4818748,0.3217815
1868,0.2264935,0.4823216,0.3224077
1869,0.2151726,0.4666209,0.3245039
1870,0.2016806,0.4543425,0.3286111
1871,0.2047057,0.4817341,0.3317602
1872,0.231098,0.5364888,0.333282
1873,0.2336236,0.5649729,0.3392947
1874,0.2276104,0.5707473,0.3428065
1875,0.2413545,0.6026893,0.338157
1876,0.2567032,0.6404641,0.3330695
1877,0.2461549,0.6596559,0.3330159
1878,0.2205064,0.6784883,0.333052
1879,0.2014436,0.6761172,0.3279879
1880,0.209083,0.6551924,0.3257581
1881,0.1863407,0.6417027,0.3277106
1882,0.1636365,0.6248233,0.3316878
1883,0.1611641,0.655604,0.3326627
1884,0.1733677,0.7089848,0.3314411
1885,0.1780458,0.7056428,0.3396674
1886,0.1712719,0.6725169,0.3479581
1887,0.1778585,0.6307395,0.3598431
1888,0.1950304,0.5908947,0.3729646
1889,0.2448359,0.5715023,0.3891038
1890,0.2824865,0.5696173,0.4051946
1891,0.2410268,0.5807077,0.4260228
1892,0.2303244,0.5910569,0.4450558
1893,0.2343653,0.5411351,0.4635096
1894,0.2343886,0.4932144,0.4789551
1895,0.2374566,0.4853678,0.4905974
1896,0.2701796,0.4934824,0.5035416
1897,0.2807134,0.46488,0.5145507
1898,0.2774158,0.441165,0.5164509
1899,0.2907023,0.4480894,0.5164467
1900,0.3100954,0.4514435,0.5177556
1901,0.3114033,0.4497183,0.5239642
1902,0.3230411,0.4792621,0.5326369
1903,0.3461227,0.5084732,0.5372501
1904,0.387673,0.5045969,0.542607
1905,0.4314078,0.5017063,0.5381115
1906,0.4524114,0.4640753,0.5399439
1907,0.4469081,0.4408587,0.541151
1908,0.4408916,0.4458106,0.542762
1909,0.4128565,0.4599865,0.5459137
1910,0.4157128,0.4649921,0.5499273
1911,0.4299966,0.4065923,0.5707193
1912,0.4288872,0.3606882,0.5712712
1913,0.4247977,0.3422803,0.5720336
1914,0.4380087,0.3339774,0.5768602
1915,0.4413084,0.3262657,0.5840129
1916,0.4562378,0.3200828,0.5877376
1917,0.4735409,0.3229671,0.5902271
1918,0.4895187,0.3425965,0.5919638
1919,0.5092302,0.3523974,0.5947914
1920,0.5598869,0.36797,0.5953653
1921,0.5734823,0.3608827,0.5913012
1922,0.5734048,0.3501953,0.5828404
1923,0.5889399,0.3397039,0.5853056
1924,0.6211534,0.3461478,0.5886678
1925,0.6324513,0.3306556,0.5888109
1926,0.6501704,0.3000415,0.5868096
1927,0.6508437,0.3472608,0.5854833
1928,0.6526396,0.373462,0.5869414
1929,0.6908688,0.3960817,0.602782
1930,0.7316264,0.4251174,0.6148519
1931,0.7559666,0.4352368,0.6155778
1932,0.7360837,0.4601185,0.621141
1933,0.7305513,0.5117127,0.6333998
1934,0.7375996,0.52512,0.6419564
1935,0.7404357,0.5441295,0.6500446
1936,0.7688706,0.5674972,0.6514382
1937,0.8044493,0.6005086,0.6509185
1938,0.8074874,0.6196149,0.6559728
1939,0.7782465,0.5962587,0.6614686
1940,0.7689776,0.5660773,0.6690975
1941,0.7803372,0.5304741,0.6676838
1942,0.8065909,0.4999849,0.6667793
1943,0.7733499,0.4624925,0.6772671
1944,0.7521624,0.4282531,0.6835655
1945,0.7542589,0.4642434,0.6878024
1946,0.7913145,0.5242724,0.6943571
1947,0.811022,0.5377479,0.6964073
1948,0.8246958,0.5454416,0.6985839
1949,0.8226687,0.5753669,0.7051219
1950,0.829119,0.5902975,0.7124577
1951,0.8504792,0.6226907,0.7253206
1952,0.8530878,0.6634347,0.7377645
1953,0.8359889,0.6450015,0.7381314
1954,0.832492,0.5881489,0.7409574
1955,0.801586,0.5657154,0.7592582
1956,0.7664273,0.5693062,0.7722965
1957,0.7660605,0.5786109,0.7791699
1958,0.7692345,0.6034874,0.7814869
1959,0.8106456,0.6359207,0.7841426
1960,0.8591838,0.6628366,0.7866693
1961,0.8778396,0.6689342,0.7853184
1962,0.8617834,0.6743767,0.7780263
1963,0.8558499,0.6966134,0.771001
1964,0.83915,0.7319158,0.7677845
1965,0.803688,0.7504715,0.7645482
1966,0.7731677,0.7600186,0.7633363
1967,0.7479505,0.7690818,0.7610094
1968,0.6976051,0.7819161,0.7595989
1969,0.6617199,0.7828246,0.7634336
1970,0.6333078,0.7784247,0.771493
1971,0.5952488,0.77819,0.7774135
1972,0.5869507,0.7958814,0.7810835
1973,0.5729051,0.8188329,0.7765431
1974,0.5769495,0.8517852,0.7738834
1975,0.5754156,0.8713712,0.7750417
1976,0.574243,0.8950418,0.7826921
1977,0.5779589,0.906371,0.7876269
1978,0.5626423,0.9265336,0.7981123
1979,0.04495904,0.1516304,0.1111963
1980,0.06322862,0.07171197,0.09901818
1981,0.1652591,0.09623247,0.09777907
1982,0.2983113,0.1864078,0.09404918
1983,0.4506398,0.2278675,0.106453
1984,0.5409343,0.2195571,0.1285061
1985,0.5743325,0.2475692,0.1484433
1986,0.5773242,0.2917531,0.1662487
1987,0.5701177,0.2948179,0.1814476
1988,0.5847853,0.282259,0.1963591
1989,0.6358809,0.3037617,0.2229431
1990,0.6884758,0.3299006,0.2398067
1991,0.747972,0.3375713,0.2569848
1992,0.7917283,0.337014,0.2732028
1993,0.7564476,0.3703855,0.2942634
1994,0.6872348,0.4084792,0.3098025
1995,0.6324451,0.3928571,0.3251154
1996,0.5884903,0.3550018,0.3313533
1997,0.5565383,0.3346474,0.3534195
1998,0.5114839,0.3493358,0.3720436
1999,0.4067303,0.4200625,0.3981486
2000,0.2556509,0.4467687,0.4368247
